{"dark_mode":"light-mode","preloader":"yes","preloader_bg":"","theme_scroll_up":"yes","body_typography":{"font-family":"Kumbh Sans","font-weight":"normal","font-style":"","extra-styles":["500","600","700","800"],"subset":"","font-size":"","line-height":"","letter-spacing":"","color":"","type":"google","unit":"px"},"h1_typography":{"font-family":"Outfit","font-weight":"700","font-style":"","subset":"","font-size":"","line-height":"","letter-spacing":"","color":"","type":"google","unit":"px"},"h23456_typography":{"font-family":"Outfit","font-weight":"600","font-style":"","extra-styles":["500","600","800"],"subset":"","font-size":"","line-height":"","letter-spacing":"","color":"","type":"google","unit":"px"},"primary_color_1":"#01BDB2","primary_color_2":"#2974FF","primary_color_3":"#0D9B4D","primary_color_4":"#ff0000","default_logo":{"url":"","id":"","width":"","height":"","thumbnail":"","alt":"","title":"","description":""},"default_logo_2":{"url":"","id":"","width":"","height":"","thumbnail":"","alt":"","title":"","description":""},"mobile_logo_1":{"url":"","id":"","width":"","height":"","thumbnail":"","alt":"","title":"","description":""},"default_search":"yes","sticky_header":"no","footer_copyright":"<p>Copyright 2023 - All Rights Reserved By <a href=\"http:\/\/themeforest.net\/user\/themeori\">ThemeOri<\/a><\/p>","footer_bottom_color":"","footer_bottom_bg":"","banner_breadcrumb":"yes","banner_header_bg":{"background-color":"","background-image":{"url":"https:\/\/noxiy.themeori.net\/wp-content\/uploads\/2023\/07\/page-banner.jpg","id":"1487","width":"1920","height":"480","thumbnail":"https:\/\/noxiy.themeori.net\/wp-content\/uploads\/2023\/07\/page-banner-150x150.jpg","alt":"","title":"page-banner","description":""},"background-position":"center center","background-repeat":"no-repeat","background-attachment":"","background-size":"cover"},"blog_list_date":"yes","blog_list_author":"yes","blog_list_comment":"yes","blog-cta-btn":"Read More","blog_single_date":"yes","blog_single_author":"yes","blog_single_comment":"yes","page_layout":"full-width","page_sidebar":"","blog_layout":"right-sidebar","blog_sidebar":"sidebar-1","single_layout":"right-sidebar","single_sidebar":"sidebar-1","service_layout":"left-sidebar","service_sidebar":"service-1","error_page_main":"4<span>0<\/span>4","error_page_title":"Oops! Page not found.","error_page_content":"The page you are looking for is not available or doesn\u2019t belong to this website!","error_page_btn":"yes","error_page_btn_text":"Back to Home","custom_header":"yes","noxiy_builder_header":"103","custom_footer":"yes","noxiy_builder_footer":"107","custom_breadcrumb":"no","noxiy_builder_breadcrumb":"107","custom_404":"no","noxiy_builder_404":"107"}